OrderID;EmployeeID;Title
10808;2;Vice President, Sales
10809;7;Sales Representative
10810;2;Vice President, Sales
10811;8;Inside Sales Coordinator
10812;5;Sales Manager
10813;1;Sales Representative
10814;3;Sales Representative
10815;2;Vice President, Sales
10816;4;Sales Representative
10817;3;Sales Representative
10818;7;Sales Representative
10819;2;Vice President, Sales
10820;3;Sales Representative
10821;1;Sales Representative
10822;6;Sales Representative
10823;5;Sales Manager
10824;8;Inside Sales Coordinator
10825;1;Sales Representative
10826;6;Sales Representative
10827;1;Sales Representative
10828;9;Sales Representative
10829;9;Sales Representative
10830;4;Sales Representative
10831;3;Sales Representative
10832;2;Vice President, Sales
10833;6;Sales Representative
10834;1;Sales Representative
10835;1;Sales Representative
10836;7;Sales Representative
10837;9;Sales Representative
10838;3;Sales Representative
10839;3;Sales Representative
10840;4;Sales Representative
10841;5;Sales Manager
10842;1;Sales Representative
10843;4;Sales Representative
10844;8;Inside Sales Coordinator
10845;8;Inside Sales Coordinator
10846;2;Vice President, Sales
10847;4;Sales Representative
10848;7;Sales Representative
10849;9;Sales Representative
10850;1;Sales Representative
10851;5;Sales Manager
10852;8;Inside Sales Coordinator
10853;9;Sales Representative
10854;3;Sales Representative
10855;3;Sales Representative
10856;3;Sales Representative
10857;8;Inside Sales Coordinator
10858;2;Vice President, Sales
10859;1;Sales Representative
10860;3;Sales Representative
10861;4;Sales Representative
10862;8;Inside Sales Coordinator
10863;4;Sales Representative
10864;4;Sales Representative
10865;2;Vice President, Sales
10866;5;Sales Manager
10867;6;Sales Representative
10868;7;Sales Representative
10869;5;Sales Manager
10870;5;Sales Manager
10871;9;Sales Representative
10872;5;Sales Manager
10873;4;Sales Representative
10874;5;Sales Manager
10875;4;Sales Representative
10876;7;Sales Representative
10877;1;Sales Representative
10878;4;Sales Representative
10879;3;Sales Representative
10880;7;Sales Representative
10881;4;Sales Representative
10882;4;Sales Representative
10883;8;Inside Sales Coordinator
10884;4;Sales Representative
10885;6;Sales Representative
10886;1;Sales Representative
10887;8;Inside Sales Coordinator
10888;1;Sales Representative
10889;9;Sales Representative
10890;7;Sales Representative
10891;7;Sales Representative
10892;4;Sales Representative
10893;9;Sales Representative
10894;1;Sales Representative
10895;3;Sales Representative
10896;7;Sales Representative
10897;3;Sales Representative
10898;4;Sales Representative
10899;5;Sales Manager
10900;1;Sales Representative
10901;4;Sales Representative
10902;1;Sales Representative
10903;3;Sales Representative
10904;3;Sales Representative
10905;9;Sales Representative
10906;4;Sales Representative
10907;6;Sales Representative
10908;4;Sales Representative
10909;1;Sales Representative
10910;1;Sales Representative
10911;3;Sales Representative
10912;2;Vice President, Sales
10913;4;Sales Representative
10914;6;Sales Representative
10915;2;Vice President, Sales
10916;1;Sales Representative
10917;4;Sales Representative
10918;3;Sales Representative
10919;2;Vice President, Sales
10920;4;Sales Representative
10921;1;Sales Representative
10922;5;Sales Manager
10923;7;Sales Representative
10924;3;Sales Representative
10925;3;Sales Representative
10926;4;Sales Representative
10927;4;Sales Representative
10928;1;Sales Representative
10929;6;Sales Representative
10930;4;Sales Representative
10931;4;Sales Representative
10932;8;Inside Sales Coordinator
10933;6;Sales Representative
10934;3;Sales Representative
10935;4;Sales Representative
10936;3;Sales Representative
10937;7;Sales Representative
10938;3;Sales Representative
10939;2;Vice President, Sales
10940;8;Inside Sales Coordinator
10941;7;Sales Representative
10942;9;Sales Representative
10943;4;Sales Representative
10944;6;Sales Representative
10945;4;Sales Representative
10946;1;Sales Representative
10947;3;Sales Representative
10948;3;Sales Representative
10949;2;Vice President, Sales
10950;1;Sales Representative
10951;9;Sales Representative
10952;1;Sales Representative
10953;9;Sales Representative
10954;5;Sales Manager
10955;8;Inside Sales Coordinator
10956;6;Sales Representative
10957;8;Inside Sales Coordinator
10958;7;Sales Representative
10959;6;Sales Representative
10960;3;Sales Representative
10961;8;Inside Sales Coordinator
10962;8;Inside Sales Coordinator
10963;9;Sales Representative
10964;3;Sales Representative
10965;6;Sales Representative
10966;4;Sales Representative
10967;2;Vice President, Sales
10968;1;Sales Representative
10969;1;Sales Representative
10970;9;Sales Representative
10971;2;Vice President, Sales
10972;4;Sales Representative
10973;6;Sales Representative
10974;3;Sales Representative
10975;1;Sales Representative
10976;1;Sales Representative
10977;8;Inside Sales Coordinator
10978;9;Sales Representative
10979;8;Inside Sales Coordinator
10980;4;Sales Representative
10981;1;Sales Representative
10982;2;Vice President, Sales
10983;2;Vice President, Sales
10984;1;Sales Representative
10985;2;Vice President, Sales
10986;8;Inside Sales Coordinator
10987;8;Inside Sales Coordinator
10988;3;Sales Representative
10989;2;Vice President, Sales
